<?xml version="1.0" encoding="UTF-8"?>
<beans xmlns="http://www.springframework.org/schema/beans"
	xmlns:xsi="http://www.w3.org/2001/XMLSchema-instance" xmlns:jee="http://www.springframework.org/schema/jee"
	xmlns:web-services="http://www.springframework.org/schema/web-services"
	xmlns:jdbc="http://www.springframework.org/schema/jdbc" xmlns:p="http://www.springframework.org/schema/p"
	xmlns:context="http://www.springframework.org/schema/context"
	xmlns:oxm="http://www.springframework.org/schema/oxm"
	xsi:schemaLocation="http://www.springframework.org/schema/jee http://www.springframework.org/schema/jee/spring-jee-4.1.xsd
		http://www.springframework.org/schema/oxm http://www.springframework.org/schema/oxm/spring-oxm-4.1.xsd
		http://www.springframework.org/schema/beans http://www.springframework.org/schema/beans/spring-beans-4.0.xsd
		http://www.springframework.org/schema/web-services http://www.springframework.org/schema/web-services/web-services-2.0.xsd
		http://www.springframework.org/schema/context http://www.springframework.org/schema/context/spring-context-4.0.xsd
		http://www.springframework.org/schema/jdbc http://www.springframework.org/schema/jdbc/spring-jdbc-4.1.xsd">

	<context:component-scan base-package="org.nfjs.springws.pcatalog" />
	<!-- <context:property-placeholder location="classpath:pcatalog.properties" /> -->

	<oxm:jaxb2-marshaller id="pcatalogRequestMarshaller"
		context-path="org.nfjs.springws.pcatalog.domain.request" />

	<oxm:jaxb2-marshaller id="pcatalogResponseMarshaller"
		context-path="org.nfjs.springws.pcatalog.domain.response" />

	<bean id="pcatalogRequestXsd" class="java.lang.String">
		<constructor-arg value="classpath:xsd/pcatalogrequest.xsd" />
	</bean>

	<bean id="pcatalogResponseXsd" class="java.lang.String">
		<constructor-arg value="classpath:xsd/pcatalogresponse.xsd" />
	</bean>

	<!-- inmemory database -->
	 <jdbc:embedded-database id="pcatalogDataSource"
		type="H2">
		<jdbc:script location="classpath:dbscript/create_product.sql" />
	</jdbc:embedded-database> 

	<bean id="jdbcTemplate" class="org.springframework.jdbc.core.JdbcTemplate">
		 <property name="dataSource" ref="pcatalogDataSource"></property> 
	</bean>

	<bean id="pcatalogrequest" class="org.springframework.xml.xsd.SimpleXsdSchema"
		p:xsd="classpath:xsd/pcatalogrequest.xsd" />

	<bean id="pcatalogresponse" class="org.springframework.xml.xsd.SimpleXsdSchema"
		p:xsd="classpath:xsd/pcatalogresponse.xsd" />

	<web-services:static-wsdl id="ProductsCatalog"
		location="classpath:ProductsCatalog.wsdl" />

	<bean id="pcatalogPayloadValidatingInterceptor"
		class="org.springframework.ws.soap.server.endpoint.interceptor.PayloadValidatingInterceptor"
		p:validateRequest="true" p:addValidationErrorDetail="true">
		<property name="schemas">
			<list>
				<ref bean="pcatalogRequestXsd" />
			</list>
		</property>
	</bean>


	<bean id="productCatalogEndpointMapping"
		class="org.springframework.ws.server.endpoint.mapping.UriEndpointMapping"
		p:usePath="true">
		<property name="mappings">
			<props>
				<prop key="/inboundws-pcatalog-adapter/org/nfjs/springws/productcatalog">pcatalog-wsgateway</prop>
			</props>
		</property>
		<property name="interceptors">
			<list>
				<ref bean="pcatalogPayloadValidatingInterceptor" />
			</list>
		</property>
	</bean>

</beans>